p_name,name,type,zone,value
cl_type_HHDW1,cl_type,chanloss,HHDW1,1
map_p_redist_HHDW1,map_p_redist,fa,HHDW1,0.133930033672966
map_scale_HHDW1,map_scale,fa,HHDW1,0.863391769384121
map_shift_HHDW1,map_shift,fa,HHDW1,-3.25071953801042
map_std_HHDW1,map_std,fa,HHDW1,2.82413726210732
mat_p_redist_HHDW1,mat_p_redist,fa,HHDW1,0.209581970179751
mat_scale_HHDW1,mat_scale,fa,HHDW1,0.522525085838814
mat_shift_HHDW1,mat_shift,fa,HHDW1,1.91869964341609
mat_std_HHDW1,mat_std,fa,HHDW1,2.58964964034102
n_clmods_HHDW1,n_clmods,chanloss,HHDW1,0
pet_p_redist_HHDW1,pet_p_redist,fa,HHDW1,0.496813766168874
pet_scale_HHDW1,pet_scale,fa,HHDW1,0.511029566386419
pet_shift_HHDW1,pet_shift,fa,HHDW1,13.058526016687
pet_std_HHDW1,pet_std,fa,HHDW1,19.8578802629912
ptps_p_redist_HHDW1,ptps_p_redist,fa,HHDW1,0.198803728455234
ptps_scale_HHDW1,ptps_scale,fa,HHDW1,1.07343137343425
ptps_shift_HHDW1,ptps_shift,fa,HHDW1,5.33630894048479
ptps_std_HHDW1,ptps_std,fa,HHDW1,17.9071138994788
adc_a_HHDW1-1,adc_a,snow,HHDW1-1,0.128159790770845
adc_b_HHDW1-1,adc_b,snow,HHDW1-1,15.2722687523934
adc_c_HHDW1-1,adc_c,snow,HHDW1-1,1.58690728025809
adimp_HHDW1-1,adimp,sac,HHDW1-1,0.000145776095348736
alat_HHDW1-1,alat,snow,HHDW1-1,47.248
daygm_HHDW1-1,daygm,snow,HHDW1-1,0
efc_HHDW1-1,efc,sac,HHDW1-1,0.455408506533
elev_HHDW1-1,elev,snow,HHDW1-1,656.198
init_swe_HHDW1-1,init_swe,snow,HHDW1-1,0
lzfpm_HHDW1-1,lzfpm,sac,HHDW1-1,353.571933732331
lzfsm_HHDW1-1,lzfsm,sac,HHDW1-1,82.8882371110848
lzpk_HHDW1-1,lzpk,sac,HHDW1-1,0.00640353301070571
lzsk_HHDW1-1,lzsk,sac,HHDW1-1,0.0735356154411131
lztwm_HHDW1-1,lztwm,sac,HHDW1-1,95.7538810785339
map_lower_01_HHDW1-1,map_lower_01,fa_limit,HHDW1-1,204.8879947
map_lower_02_HHDW1-1,map_lower_02,fa_limit,HHDW1-1,136.8247287
map_lower_03_HHDW1-1,map_lower_03,fa_limit,HHDW1-1,153.7009474
map_lower_04_HHDW1-1,map_lower_04,fa_limit,HHDW1-1,114.8598986
map_lower_05_HHDW1-1,map_lower_05,fa_limit,HHDW1-1,83.95863955
map_lower_06_HHDW1-1,map_lower_06,fa_limit,HHDW1-1,63.77404695
map_lower_07_HHDW1-1,map_lower_07,fa_limit,HHDW1-1,22.12297455
map_lower_08_HHDW1-1,map_lower_08,fa_limit,HHDW1-1,24.8799858
map_lower_09_HHDW1-1,map_lower_09,fa_limit,HHDW1-1,55.80733695
map_lower_10_HHDW1-1,map_lower_10,fa_limit,HHDW1-1,128.9749182
map_lower_11_HHDW1-1,map_lower_11,fa_limit,HHDW1-1,220.558921
map_lower_12_HHDW1-1,map_lower_12,fa_limit,HHDW1-1,196.6806425
map_upper_01_HHDW1-1,map_upper_01,fa_limit,HHDW1-1,321.965955
map_upper_02_HHDW1-1,map_upper_02,fa_limit,HHDW1-1,243.313585
map_upper_03_HHDW1-1,map_upper_03,fa_limit,HHDW1-1,241.422555
map_upper_04_HHDW1-1,map_upper_04,fa_limit,HHDW1-1,186.70651
map_upper_05_HHDW1-1,map_upper_05,fa_limit,HHDW1-1,144.86001
map_upper_06_HHDW1-1,map_upper_06,fa_limit,HHDW1-1,110.27283
map_upper_07_HHDW1-1,map_upper_07,fa_limit,HHDW1-1,43.78340095
map_upper_08_HHDW1-1,map_upper_08,fa_limit,HHDW1-1,47.23765
map_upper_09_HHDW1-1,map_upper_09,fa_limit,HHDW1-1,105.905935
map_upper_10_HHDW1-1,map_upper_10,fa_limit,HHDW1-1,209.875755
map_upper_11_HHDW1-1,map_upper_11,fa_limit,HHDW1-1,358.95915
map_upper_12_HHDW1-1,map_upper_12,fa_limit,HHDW1-1,316.794515
mat_lower_01_HHDW1-1,mat_lower_01,fa_limit,HHDW1-1,-1.180285714
mat_lower_02_HHDW1-1,mat_lower_02,fa_limit,HHDW1-1,-0.556714286
mat_lower_03_HHDW1-1,mat_lower_03,fa_limit,HHDW1-1,1.195714286
mat_lower_04_HHDW1-1,mat_lower_04,fa_limit,HHDW1-1,3.123
mat_lower_05_HHDW1-1,mat_lower_05,fa_limit,HHDW1-1,6.748714286
mat_lower_06_HHDW1-1,mat_lower_06,fa_limit,HHDW1-1,9.7125
mat_lower_07_HHDW1-1,mat_lower_07,fa_limit,HHDW1-1,13.03862567
mat_lower_08_HHDW1-1,mat_lower_08,fa_limit,HHDW1-1,13.1239232
mat_lower_09_HHDW1-1,mat_lower_09,fa_limit,HHDW1-1,10.37867109
mat_lower_10_HHDW1-1,mat_lower_10,fa_limit,HHDW1-1,5.915
mat_lower_11_HHDW1-1,mat_lower_11,fa_limit,HHDW1-1,0.844411765
mat_lower_12_HHDW1-1,mat_lower_12,fa_limit,HHDW1-1,-2.095147059
mat_upper_01_HHDW1-1,mat_upper_01,fa_limit,HHDW1-1,0.331486486
mat_upper_02_HHDW1-1,mat_upper_02,fa_limit,HHDW1-1,1.331891892
mat_upper_03_HHDW1-1,mat_upper_03,fa_limit,HHDW1-1,3.340135135
mat_upper_04_HHDW1-1,mat_upper_04,fa_limit,HHDW1-1,5.772027027
mat_upper_05_HHDW1-1,mat_upper_05,fa_limit,HHDW1-1,9.458513514
mat_upper_06_HHDW1-1,mat_upper_06,fa_limit,HHDW1-1,12.6722973
mat_upper_07_HHDW1-1,mat_upper_07,fa_limit,HHDW1-1,16.60842857
mat_upper_08_HHDW1-1,mat_upper_08,fa_limit,HHDW1-1,17.12385714
mat_upper_09_HHDW1-1,mat_upper_09,fa_limit,HHDW1-1,13.84114286
mat_upper_10_HHDW1-1,mat_upper_10,fa_limit,HHDW1-1,8.44027027
mat_upper_11_HHDW1-1,mat_upper_11,fa_limit,HHDW1-1,2.815694444
mat_upper_12_HHDW1-1,mat_upper_12,fa_limit,HHDW1-1,-0.142083333
mbase_HHDW1-1,mbase,snow,HHDW1-1,0
mfmax_HHDW1-1,mfmax,snow,HHDW1-1,1.1857961317668
mfmin_HHDW1-1,mfmin,snow,HHDW1-1,0.36314426962942
nmf_HHDW1-1,nmf,snow,HHDW1-1,0.15
pctim_HHDW1-1,pctim,sac,HHDW1-1,5.92526683559827e-05
peadj_HHDW1-1,peadj,sac,HHDW1-1,1
peadj_01_HHDW1-1,peadj_01,sac,HHDW1-1,0.4842
peadj_02_HHDW1-1,peadj_02,sac,HHDW1-1,0.4769
peadj_03_HHDW1-1,peadj_03,sac,HHDW1-1,0.5161
peadj_04_HHDW1-1,peadj_04,sac,HHDW1-1,0.6202
peadj_05_HHDW1-1,peadj_05,sac,HHDW1-1,0.8275
peadj_06_HHDW1-1,peadj_06,sac,HHDW1-1,0.9936
peadj_07_HHDW1-1,peadj_07,sac,HHDW1-1,1.0516
peadj_08_HHDW1-1,peadj_08,sac,HHDW1-1,1.0469
peadj_09_HHDW1-1,peadj_09,sac,HHDW1-1,1.0366
peadj_10_HHDW1-1,peadj_10,sac,HHDW1-1,0.9734
peadj_11_HHDW1-1,peadj_11,sac,HHDW1-1,0.6365
peadj_12_HHDW1-1,peadj_12,sac,HHDW1-1,0.4543
pet_lower_01_HHDW1-1,pet_lower_01,fa_limit,HHDW1-1,0
pet_lower_02_HHDW1-1,pet_lower_02,fa_limit,HHDW1-1,0.697739737
pet_lower_03_HHDW1-1,pet_lower_03,fa_limit,HHDW1-1,10.05659606
pet_lower_04_HHDW1-1,pet_lower_04,fa_limit,HHDW1-1,27.8077436
pet_lower_05_HHDW1-1,pet_lower_05,fa_limit,HHDW1-1,57.21461906
pet_lower_06_HHDW1-1,pet_lower_06,fa_limit,HHDW1-1,81.36127517
pet_lower_07_HHDW1-1,pet_lower_07,fa_limit,HHDW1-1,90.79569833
pet_lower_08_HHDW1-1,pet_lower_08,fa_limit,HHDW1-1,69.90303965
pet_lower_09_HHDW1-1,pet_lower_09,fa_limit,HHDW1-1,34.08163916
pet_lower_10_HHDW1-1,pet_lower_10,fa_limit,HHDW1-1,7.388070492
pet_lower_11_HHDW1-1,pet_lower_11,fa_limit,HHDW1-1,0
pet_lower_12_HHDW1-1,pet_lower_12,fa_limit,HHDW1-1,0
pet_upper_01_HHDW1-1,pet_upper_01,fa_limit,HHDW1-1,11.04190778
pet_upper_02_HHDW1-1,pet_upper_02,fa_limit,HHDW1-1,17.99118729
pet_upper_03_HHDW1-1,pet_upper_03,fa_limit,HHDW1-1,36.32290933
pet_upper_04_HHDW1-1,pet_upper_04,fa_limit,HHDW1-1,65.9515422
pet_upper_05_HHDW1-1,pet_upper_05,fa_limit,HHDW1-1,99.27694429
pet_upper_06_HHDW1-1,pet_upper_06,fa_limit,HHDW1-1,117.7693273
pet_upper_07_HHDW1-1,pet_upper_07,fa_limit,HHDW1-1,146.1831851
pet_upper_08_HHDW1-1,pet_upper_08,fa_limit,HHDW1-1,133.1770266
pet_upper_09_HHDW1-1,pet_upper_09,fa_limit,HHDW1-1,86.38308195
pet_upper_10_HHDW1-1,pet_upper_10,fa_limit,HHDW1-1,46.11807421
pet_upper_11_HHDW1-1,pet_upper_11,fa_limit,HHDW1-1,14.22743876
pet_upper_12_HHDW1-1,pet_upper_12,fa_limit,HHDW1-1,8.957389196
pfree_HHDW1-1,pfree,sac,HHDW1-1,0.382294958023625
plwhc_HHDW1-1,plwhc,snow,HHDW1-1,0.04
ptps_lower_01_HHDW1-1,ptps_lower_01,fa_limit,HHDW1-1,0.53935875
ptps_lower_02_HHDW1-1,ptps_lower_02,fa_limit,HHDW1-1,0.526681014
ptps_lower_03_HHDW1-1,ptps_lower_03,fa_limit,HHDW1-1,0.418980022
ptps_lower_04_HHDW1-1,ptps_lower_04,fa_limit,HHDW1-1,0.26375142
ptps_lower_05_HHDW1-1,ptps_lower_05,fa_limit,HHDW1-1,0.079116923
ptps_lower_06_HHDW1-1,ptps_lower_06,fa_limit,HHDW1-1,0.004506923
ptps_lower_07_HHDW1-1,ptps_lower_07,fa_limit,HHDW1-1,6.46e-05
ptps_lower_08_HHDW1-1,ptps_lower_08,fa_limit,HHDW1-1,0
ptps_lower_09_HHDW1-1,ptps_lower_09,fa_limit,HHDW1-1,0.002806154
ptps_lower_10_HHDW1-1,ptps_lower_10,fa_limit,HHDW1-1,0.075186923
ptps_lower_11_HHDW1-1,ptps_lower_11,fa_limit,HHDW1-1,0.377303977
ptps_lower_12_HHDW1-1,ptps_lower_12,fa_limit,HHDW1-1,0.605387876
ptps_upper_01_HHDW1-1,ptps_upper_01,fa_limit,HHDW1-1,0.661052285
ptps_upper_02_HHDW1-1,ptps_upper_02,fa_limit,HHDW1-1,0.65437625
ptps_upper_03_HHDW1-1,ptps_upper_03,fa_limit,HHDW1-1,0.563769744
ptps_upper_04_HHDW1-1,ptps_upper_04,fa_limit,HHDW1-1,0.357765128
ptps_upper_05_HHDW1-1,ptps_upper_05,fa_limit,HHDW1-1,0.101290323
ptps_upper_06_HHDW1-1,ptps_upper_06,fa_limit,HHDW1-1,0.011707639
ptps_upper_07_HHDW1-1,ptps_upper_07,fa_limit,HHDW1-1,0.000477823
ptps_upper_08_HHDW1-1,ptps_upper_08,fa_limit,HHDW1-1,0.000584005
ptps_upper_09_HHDW1-1,ptps_upper_09,fa_limit,HHDW1-1,0.013963194
ptps_upper_10_HHDW1-1,ptps_upper_10,fa_limit,HHDW1-1,0.131562164
ptps_upper_11_HHDW1-1,ptps_upper_11,fa_limit,HHDW1-1,0.471584103
ptps_upper_12_HHDW1-1,ptps_upper_12,fa_limit,HHDW1-1,0.743676154
pxadj_HHDW1-1,pxadj,sac,HHDW1-1,1
rexp_HHDW1-1,rexp,sac,HHDW1-1,1.4334776107928
riva_HHDW1-1,riva,sac,HHDW1-1,0.00297459793380217
rserv_HHDW1-1,rserv,sac,HHDW1-1,0.3
scf_HHDW1-1,scf,snow,HHDW1-1,1.22610168366172
si_HHDW1-1,si,snow,HHDW1-1,280.219002328018
side_HHDW1-1,side,sac,HHDW1-1,0
tipm_HHDW1-1,tipm,snow,HHDW1-1,0.12
uadj_HHDW1-1,uadj,snow,HHDW1-1,0.166066203434336
unit_shape_HHDW1-1,unit_shape,uh,HHDW1-1,3.26105212744928
unit_toc_HHDW1-1,unit_toc,uh,HHDW1-1,33.96484375
unit_toc_adj_HHDW1-1,unit_toc_adj,uh,HHDW1-1,1.2292549038785
uzfwm_HHDW1-1,uzfwm,sac,HHDW1-1,78.2071760064579
uzk_HHDW1-1,uzk,sac,HHDW1-1,0.357301005853111
uztwm_HHDW1-1,uztwm,sac,HHDW1-1,82.3821021291769
zone_area_HHDW1-1,zone_area,uh,HHDW1-1,256.56
zperc_HHDW1-1,zperc,sac,HHDW1-1,94.9543375845425
adc_a_HHDW1-2,adc_a,snow,HHDW1-2,0.00385232757832462
adc_b_HHDW1-2,adc_b,snow,HHDW1-2,0.75191306070902
adc_c_HHDW1-2,adc_c,snow,HHDW1-2,0.793009587526687
adimp_HHDW1-2,adimp,sac,HHDW1-2,0.000174815507389916
alat_HHDW1-2,alat,snow,HHDW1-2,47.166
daygm_HHDW1-2,daygm,snow,HHDW1-2,0
efc_HHDW1-2,efc,sac,HHDW1-2,0.505711769133
elev_HHDW1-2,elev,snow,HHDW1-2,1078.022
init_swe_HHDW1-2,init_swe,snow,HHDW1-2,0
lzfpm_HHDW1-2,lzfpm,sac,HHDW1-2,97.1171899995776
lzfsm_HHDW1-2,lzfsm,sac,HHDW1-2,62.6506659914472
lzpk_HHDW1-2,lzpk,sac,HHDW1-2,0.014909391102328
lzsk_HHDW1-2,lzsk,sac,HHDW1-2,0.249522114941608
lztwm_HHDW1-2,lztwm,sac,HHDW1-2,95.197611437887
map_lower_01_HHDW1-2,map_lower_01,fa_limit,HHDW1-2,204.8879947
map_lower_02_HHDW1-2,map_lower_02,fa_limit,HHDW1-2,136.8247287
map_lower_03_HHDW1-2,map_lower_03,fa_limit,HHDW1-2,153.7009474
map_lower_04_HHDW1-2,map_lower_04,fa_limit,HHDW1-2,114.8598986
map_lower_05_HHDW1-2,map_lower_05,fa_limit,HHDW1-2,83.95863955
map_lower_06_HHDW1-2,map_lower_06,fa_limit,HHDW1-2,63.77404695
map_lower_07_HHDW1-2,map_lower_07,fa_limit,HHDW1-2,22.12297455
map_lower_08_HHDW1-2,map_lower_08,fa_limit,HHDW1-2,24.8799858
map_lower_09_HHDW1-2,map_lower_09,fa_limit,HHDW1-2,55.80733695
map_lower_10_HHDW1-2,map_lower_10,fa_limit,HHDW1-2,128.9749182
map_lower_11_HHDW1-2,map_lower_11,fa_limit,HHDW1-2,220.558921
map_lower_12_HHDW1-2,map_lower_12,fa_limit,HHDW1-2,196.6806425
map_upper_01_HHDW1-2,map_upper_01,fa_limit,HHDW1-2,321.965955
map_upper_02_HHDW1-2,map_upper_02,fa_limit,HHDW1-2,243.313585
map_upper_03_HHDW1-2,map_upper_03,fa_limit,HHDW1-2,241.422555
map_upper_04_HHDW1-2,map_upper_04,fa_limit,HHDW1-2,186.70651
map_upper_05_HHDW1-2,map_upper_05,fa_limit,HHDW1-2,144.86001
map_upper_06_HHDW1-2,map_upper_06,fa_limit,HHDW1-2,110.27283
map_upper_07_HHDW1-2,map_upper_07,fa_limit,HHDW1-2,43.78340095
map_upper_08_HHDW1-2,map_upper_08,fa_limit,HHDW1-2,47.23765
map_upper_09_HHDW1-2,map_upper_09,fa_limit,HHDW1-2,105.905935
map_upper_10_HHDW1-2,map_upper_10,fa_limit,HHDW1-2,209.875755
map_upper_11_HHDW1-2,map_upper_11,fa_limit,HHDW1-2,358.95915
map_upper_12_HHDW1-2,map_upper_12,fa_limit,HHDW1-2,316.794515
mat_lower_01_HHDW1-2,mat_lower_01,fa_limit,HHDW1-2,-1.180285714
mat_lower_02_HHDW1-2,mat_lower_02,fa_limit,HHDW1-2,-0.556714286
mat_lower_03_HHDW1-2,mat_lower_03,fa_limit,HHDW1-2,1.195714286
mat_lower_04_HHDW1-2,mat_lower_04,fa_limit,HHDW1-2,3.123
mat_lower_05_HHDW1-2,mat_lower_05,fa_limit,HHDW1-2,6.748714286
mat_lower_06_HHDW1-2,mat_lower_06,fa_limit,HHDW1-2,9.7125
mat_lower_07_HHDW1-2,mat_lower_07,fa_limit,HHDW1-2,13.03862567
mat_lower_08_HHDW1-2,mat_lower_08,fa_limit,HHDW1-2,13.1239232
mat_lower_09_HHDW1-2,mat_lower_09,fa_limit,HHDW1-2,10.37867109
mat_lower_10_HHDW1-2,mat_lower_10,fa_limit,HHDW1-2,5.915
mat_lower_11_HHDW1-2,mat_lower_11,fa_limit,HHDW1-2,0.844411765
mat_lower_12_HHDW1-2,mat_lower_12,fa_limit,HHDW1-2,-2.095147059
mat_upper_01_HHDW1-2,mat_upper_01,fa_limit,HHDW1-2,0.331486486
mat_upper_02_HHDW1-2,mat_upper_02,fa_limit,HHDW1-2,1.331891892
mat_upper_03_HHDW1-2,mat_upper_03,fa_limit,HHDW1-2,3.340135135
mat_upper_04_HHDW1-2,mat_upper_04,fa_limit,HHDW1-2,5.772027027
mat_upper_05_HHDW1-2,mat_upper_05,fa_limit,HHDW1-2,9.458513514
mat_upper_06_HHDW1-2,mat_upper_06,fa_limit,HHDW1-2,12.6722973
mat_upper_07_HHDW1-2,mat_upper_07,fa_limit,HHDW1-2,16.60842857
mat_upper_08_HHDW1-2,mat_upper_08,fa_limit,HHDW1-2,17.12385714
mat_upper_09_HHDW1-2,mat_upper_09,fa_limit,HHDW1-2,13.84114286
mat_upper_10_HHDW1-2,mat_upper_10,fa_limit,HHDW1-2,8.44027027
mat_upper_11_HHDW1-2,mat_upper_11,fa_limit,HHDW1-2,2.815694444
mat_upper_12_HHDW1-2,mat_upper_12,fa_limit,HHDW1-2,-0.142083333
mbase_HHDW1-2,mbase,snow,HHDW1-2,0
mfmax_HHDW1-2,mfmax,snow,HHDW1-2,0.820518919898355
mfmin_HHDW1-2,mfmin,snow,HHDW1-2,0.0822213984382547
nmf_HHDW1-2,nmf,snow,HHDW1-2,0.15
pctim_HHDW1-2,pctim,sac,HHDW1-2,6.07475190783075e-05
peadj_HHDW1-2,peadj,sac,HHDW1-2,1
peadj_01_HHDW1-2,peadj_01,sac,HHDW1-2,0.2863
peadj_02_HHDW1-2,peadj_02,sac,HHDW1-2,0.2534
peadj_03_HHDW1-2,peadj_03,sac,HHDW1-2,0.284
peadj_04_HHDW1-2,peadj_04,sac,HHDW1-2,0.5336
peadj_05_HHDW1-2,peadj_05,sac,HHDW1-2,0.6535
peadj_06_HHDW1-2,peadj_06,sac,HHDW1-2,0.7797
peadj_07_HHDW1-2,peadj_07,sac,HHDW1-2,0.8667
peadj_08_HHDW1-2,peadj_08,sac,HHDW1-2,0.8364
peadj_09_HHDW1-2,peadj_09,sac,HHDW1-2,0.8001
peadj_10_HHDW1-2,peadj_10,sac,HHDW1-2,0.7076
peadj_11_HHDW1-2,peadj_11,sac,HHDW1-2,0.303
peadj_12_HHDW1-2,peadj_12,sac,HHDW1-2,0.2785
pet_lower_01_HHDW1-2,pet_lower_01,fa_limit,HHDW1-2,0
pet_lower_02_HHDW1-2,pet_lower_02,fa_limit,HHDW1-2,0.697739737
pet_lower_03_HHDW1-2,pet_lower_03,fa_limit,HHDW1-2,10.05659606
pet_lower_04_HHDW1-2,pet_lower_04,fa_limit,HHDW1-2,27.8077436
pet_lower_05_HHDW1-2,pet_lower_05,fa_limit,HHDW1-2,57.21461906
pet_lower_06_HHDW1-2,pet_lower_06,fa_limit,HHDW1-2,81.36127517
pet_lower_07_HHDW1-2,pet_lower_07,fa_limit,HHDW1-2,90.79569833
pet_lower_08_HHDW1-2,pet_lower_08,fa_limit,HHDW1-2,69.90303965
pet_lower_09_HHDW1-2,pet_lower_09,fa_limit,HHDW1-2,34.08163916
pet_lower_10_HHDW1-2,pet_lower_10,fa_limit,HHDW1-2,7.388070492
pet_lower_11_HHDW1-2,pet_lower_11,fa_limit,HHDW1-2,0
pet_lower_12_HHDW1-2,pet_lower_12,fa_limit,HHDW1-2,0
pet_upper_01_HHDW1-2,pet_upper_01,fa_limit,HHDW1-2,11.04190778
pet_upper_02_HHDW1-2,pet_upper_02,fa_limit,HHDW1-2,17.99118729
pet_upper_03_HHDW1-2,pet_upper_03,fa_limit,HHDW1-2,36.32290933
pet_upper_04_HHDW1-2,pet_upper_04,fa_limit,HHDW1-2,65.9515422
pet_upper_05_HHDW1-2,pet_upper_05,fa_limit,HHDW1-2,99.27694429
pet_upper_06_HHDW1-2,pet_upper_06,fa_limit,HHDW1-2,117.7693273
pet_upper_07_HHDW1-2,pet_upper_07,fa_limit,HHDW1-2,146.1831851
pet_upper_08_HHDW1-2,pet_upper_08,fa_limit,HHDW1-2,133.1770266
pet_upper_09_HHDW1-2,pet_upper_09,fa_limit,HHDW1-2,86.38308195
pet_upper_10_HHDW1-2,pet_upper_10,fa_limit,HHDW1-2,46.11807421
pet_upper_11_HHDW1-2,pet_upper_11,fa_limit,HHDW1-2,14.22743876
pet_upper_12_HHDW1-2,pet_upper_12,fa_limit,HHDW1-2,8.957389196
pfree_HHDW1-2,pfree,sac,HHDW1-2,0.459861281088043
plwhc_HHDW1-2,plwhc,snow,HHDW1-2,0.04
ptps_lower_01_HHDW1-2,ptps_lower_01,fa_limit,HHDW1-2,0.53935875
ptps_lower_02_HHDW1-2,ptps_lower_02,fa_limit,HHDW1-2,0.526681014
ptps_lower_03_HHDW1-2,ptps_lower_03,fa_limit,HHDW1-2,0.418980022
ptps_lower_04_HHDW1-2,ptps_lower_04,fa_limit,HHDW1-2,0.26375142
ptps_lower_05_HHDW1-2,ptps_lower_05,fa_limit,HHDW1-2,0.079116923
ptps_lower_06_HHDW1-2,ptps_lower_06,fa_limit,HHDW1-2,0.004506923
ptps_lower_07_HHDW1-2,ptps_lower_07,fa_limit,HHDW1-2,6.46e-05
ptps_lower_08_HHDW1-2,ptps_lower_08,fa_limit,HHDW1-2,0
ptps_lower_09_HHDW1-2,ptps_lower_09,fa_limit,HHDW1-2,0.002806154
ptps_lower_10_HHDW1-2,ptps_lower_10,fa_limit,HHDW1-2,0.075186923
ptps_lower_11_HHDW1-2,ptps_lower_11,fa_limit,HHDW1-2,0.377303977
ptps_lower_12_HHDW1-2,ptps_lower_12,fa_limit,HHDW1-2,0.605387876
ptps_upper_01_HHDW1-2,ptps_upper_01,fa_limit,HHDW1-2,0.661052285
ptps_upper_02_HHDW1-2,ptps_upper_02,fa_limit,HHDW1-2,0.65437625
ptps_upper_03_HHDW1-2,ptps_upper_03,fa_limit,HHDW1-2,0.563769744
ptps_upper_04_HHDW1-2,ptps_upper_04,fa_limit,HHDW1-2,0.357765128
ptps_upper_05_HHDW1-2,ptps_upper_05,fa_limit,HHDW1-2,0.101290323
ptps_upper_06_HHDW1-2,ptps_upper_06,fa_limit,HHDW1-2,0.011707639
ptps_upper_07_HHDW1-2,ptps_upper_07,fa_limit,HHDW1-2,0.000477823
ptps_upper_08_HHDW1-2,ptps_upper_08,fa_limit,HHDW1-2,0.000584005
ptps_upper_09_HHDW1-2,ptps_upper_09,fa_limit,HHDW1-2,0.013963194
ptps_upper_10_HHDW1-2,ptps_upper_10,fa_limit,HHDW1-2,0.131562164
ptps_upper_11_HHDW1-2,ptps_upper_11,fa_limit,HHDW1-2,0.471584103
ptps_upper_12_HHDW1-2,ptps_upper_12,fa_limit,HHDW1-2,0.743676154
pxadj_HHDW1-2,pxadj,sac,HHDW1-2,1
rexp_HHDW1-2,rexp,sac,HHDW1-2,1.43469864040935
riva_HHDW1-2,riva,sac,HHDW1-2,0.114270369525396
rserv_HHDW1-2,rserv,sac,HHDW1-2,0.3
scf_HHDW1-2,scf,snow,HHDW1-2,0.947159034186283
si_HHDW1-2,si,snow,HHDW1-2,399.061385323272
side_HHDW1-2,side,sac,HHDW1-2,0
tipm_HHDW1-2,tipm,snow,HHDW1-2,0.12
uadj_HHDW1-2,uadj,snow,HHDW1-2,0.0753200283671418
unit_shape_HHDW1-2,unit_shape,uh,HHDW1-2,3.27246962890695
unit_toc_HHDW1-2,unit_toc,uh,HHDW1-2,31.1747526
unit_toc_adj_HHDW1-2,unit_toc_adj,uh,HHDW1-2,1.23639871969821
uzfwm_HHDW1-2,uzfwm,sac,HHDW1-2,77.4864485525252
uzk_HHDW1-2,uzk,sac,HHDW1-2,0.50953222757627
uztwm_HHDW1-2,uztwm,sac,HHDW1-2,27.9535733526057
zone_area_HHDW1-2,zone_area,uh,HHDW1-2,315.75
zperc_HHDW1-2,zperc,sac,HHDW1-2,94.9233729418638
